ID,NOMBRE,EMAIL,LAST_LOGIN
1,Christian,christianabal@gmail.com,2025-10-01
2,Carlos Martínez,carlos.martinez@gmail.com,2025-06-15
3,María Jiménez,maria.jimenez@gmail.com,2023-09-10
4,José García,jose.garcia@gmail.com,2022-11-05
5,Lucía Fernández,lucia.fernandez@gmail.com,2024-09-29
6,Raúl Sánchez,raul.sanchez@gmail.com,2024-04-12
7,Elena Ruiz,elena.ruiz@gmail.com,2021-08-20
8,David Torres,david.torres@gmail.com,2025-01-02
9,Laura Gómez,laura.gomez@gmail.com,2020-07-30
10,Pablo Navarro,pablo.navarro@gmail.com,2024-10-10

